Subject,count
,52932
(BLS) Biology - Cellular,9568
(B/T) Technology,8950
(BLS) Genetics,6504
(B/T) Computer Science,6420
(BLS) Biochemistry,5879
(BLS) Biology - Cancer,5251
(SOC) Education,4555
(BLS) Biology - Molecular,3747
(PHY) Mathematics,3540
(HSC) Medicine - Oncology,3051
(B/T) Data Science,2976
(B/T) Business - Economics,2974
(B/T) Business - Management,2443
(HSC) Medicine - Pharmacology,2271
(PHY) Materials Science,2225
(ENV) Environmental Sciences,2169
(BLS) Toxicology,1930
(HSC) Medicine - Surgery,1915
(HSC) Medicine - Cardiovascular,1837
(PHY) Chemistry,1784
(SOC) Psychology,1734
(HSC) Medicine - Neurology,1722
(B/T) Business - General,1636
(PHY) Engineering - Electrical,1479
(HSC) Medicine - Obstetrics/Gynecology,1452
(HSC) Medicine - Gastroenterology,1425
(PHY) Engineering - General,1393
(BLS) Microbiology,1332
(HSC) Medicine - Rehabilitation/Therapy,1304
(HSC) Medicine - General,1212
(BLS) Plant Biology/Botany,1198
(HSC) Radiology/Imaging,1176
(HSC) Medicine - Infectious Disease,1175
(HSC) Medicine - Orthopedics,1174
(SOC) Sociology,1154
(SOC) Sports and Recreation,1151
(HSC) Public Health and Safety,1111
(B/T) Government,1097
(PHY) Engineering - Mechanical,1087
(PHY) Engineering - Chemical,1018
(BLS) Agriculture,1003
(PHY) Physics,992
(PHY) Nanotechnology,952
(BLS) Neuroscience,947
(BLS) Biology - General,940
(HSC) Medicine - Pulmonology,939
(PHY) Energy,937
(HSC) Medicine - Immunology,937
(ENV) Ecology,906
(B/T) Urban Planning,886
(HSC) Medicine - Anesthesia/Anaesthesia,876
(B/T) Transportation,852
(HSC) Medicine - Pediatrics,845
(SOC) Communications,773
(HSC) Medicine - Urology/Nephrology,751
(HSC) Medicine - Cardiology,730
(BLS) Zoology,703
(PHY) Engineering - Structural,698
(HSC) Biostatistics/Epidemiology,680
(ENV) Ground/Surface Water,672
(SOC) Linguistics,669
(BLS) Anatomy/Physiology,669
(B/T) Business - Marketing,607
(SOC) Law/Legal Issues,585
(HSC) Medicine - Alternative,568
(HSC) Medicine - Pathology,568
(HSC) Medicine - Diabetes,555
(HUM) Arts - General,529
(PHY) Geology,523
(HSC) Medicine - Endocrinology,511
(B/T) Business - Accounting,507
(B/T) International Relations,500
(HSC) Medicine - Internal,491
(HSC) Medicine - Nursing,482
(SOC) Political Science,476
(HSC) Medicine - Drug Design,468
(HSC) Medicine - Otorhinolaryngology,468
(HSC) Medicine - Psychiatry,448
(PHY) Crystallography/Spectroscopy,434
(HSC) Medicine - Dentistry,412
(B/T) Business - Manufacturing,380
(HSC) Medicine - Ophthalmology,342
(HUM) Arts - Music,324
(HSC) Medicine - Geriatric,323
(HSC) Medicine - Dermatology,274
(HSC) Occupational Health and Safety,266
(HSC) Sports Science,264
(HUM) Architecture,244
(HSC) Veterinary Science,236
(ENV) Food Science,235
(PHY) Statistics,234
(ENV) Climatology,232
(BLS) Nutrition,230
(HSC) Nutrition,218
(SOC) Criminology,210
(HUM) History - Europe,208
(HSC) Medicine - Sports,202
(HUM) Arts -Literature/Poetry,187
(PHY) Hydrology,184
(HUM) Religion,169
(SOC) Military/Naval Studies,142
(SOC) Philosophy,142
(BLS) Parasitology,127
(ENV) Climate Change,123
(HUM) Philosophy,112
(SOC) Ethics/Bioethics,107
(B/T) Business - Public Relations,106
(HUM) History - Asia,102
(HSC) Medicine - Transplantation,98
(SOC) Sexual And Marital Studies,90
(PHY) Astrophysics,82
(HUM) Journalism,78
(HUM) History - General,69
(HUM) Arts - Film Studies,63
(BLS) Anthropology,61
(BLS) Archeology,41
(SOC) Forensics,28
(PHY) Cosmology,24
(BLS) Paleontology,23
(PHY) Astronomy,23
(HUM) Cartography,19
(BLS) Forensic Sciences,12
(HUM) History - North America,12
(HUM) History - Africa,11
(HUM) Arts - Biography,10
(B/T) Foreign Aid,9
(HUM) History - South America,7
(HUM) History - United States,6
(PHY) Forensic Sciences,4
(HUM) History - Australia,1